{
    "properties": {
        "description": {
            "type": "string"
        },
        "secretKey": {
            "type": "string",
            "default": "sandbox"
        },
        "publicKey": {
            "type": "string"
        },
        "stripeCurrency": {
            "type": "string"
        },
        "stripeDescription": {
            "type": "string"
        },
        "stripeLogoURL": {
            "type": "string",
            "format": "uri-template"
        },
        "stripeWebhookSecret": {
            "type": "string"
        },
        "paymentMethods": {
            "type": "array",
            "default": [
                "card"
            ]
        }
    },
    "required": [
        "description",
        "secretKey",
        "publicKey",
        "stripeCurrency",
        "stripeDescription",
        "stripeLogoURL",
        "paymentMethods"
    ],
    "additionalProperties": false
}